{"type": "metrics", "dataset": "train", "precision": 0.7013449367088608, "balanced_accuracy": 0.6643417305198113, "recall": 0.3750793314998942, "f1_score": 0.48876636802205375}
{"type": "metrics", "dataset": "test", "precision": 0.6758747697974218, "balanced_accuracy": 0.6676664833488093, "recall": 0.385099685204617, "f1_score": 0.49064171122994654}
{"type": "cm_matrix", "dataset": "train", "true_0": {"predicted_0": 15518, "predicted_1": 755}, "true_1": {"predicted_0": 2954, "predicted_1": 1773}}
{"type": "cm_matrix", "dataset": "test", "true_0": {"predicted_0": 6721, "predicted_1": 352}, "true_1": {"predicted_0": 1172, "predicted_1": 734}}